badge_id,user_id,badge_code,badge_name,credit_points,issued_at,_valid_from,_valid_to,_is_current,_loaded_at
B-5001,u-88213,BD-WELCOME,Welcome to Online Learning,0,2025-07-15 09:02:00,2025-07-16 02:00:00,,true,2025-07-16 02:00:00
B-5002,u-88260,BD-WELCOME,Welcome to Online Learning,0,2025-08-12 10:00:00,2025-08-13 02:00:00,,true,2025-08-13 02:00:00
B-5003,u-88219,MC-SQL,SQL for Analysis,5,2025-08-20 10:00:00,2025-08-21 02:00:00,,true,2025-08-21 02:00:00
B-5004,u-88260,MC-SQL,SQL for Analysis,5,2025-09-01 10:00:00,2025-09-02 02:00:00,,true,2025-09-02 02:00:00
B-5005,u-88202,MC-STATS,Statistics Refresher,5,2025-09-10 11:04:00,2025-09-11 02:00:00,,true,2025-09-11 02:00:00
B-5006,u-88218,MC-SQL,SQL for Analysis,5,2025-09-15 12:00:00,2025-09-16 02:00:00,,true,2025-09-16 02:00:00
B-5007,u-88219,MC-PY,Python Foundations,5,2025-09-18 10:00:00,2025-09-19 02:00:00,,true,2025-09-19 02:00:00
B-5008,u-88211,MC-SQL,SQL for Analysis,5,2025-10-02 14:40:00,2025-10-03 02:00:00,,true,2025-10-03 02:00:00
B-5009,u-88232,MC-LEAD,Leading Teams,5,2025-10-06 10:00:00,2025-10-07 02:00:00,,true,2025-10-07 02:00:00
B-5010,u-88213,MC-SQL,SQL for Analysis,5,2025-10-14 10:32:00,2025-10-15 02:00:00,,true,2025-10-15 02:00:00
B-5011,u-88260,MC-VIZ,Data Visualisation,5,2025-10-15 10:00:00,2025-10-16 02:00:00,,true,2025-10-16 02:00:00
B-5012,u-88219,MC-VIZ,Data Visualisation,5,2025-10-22 10:00:00,2025-10-23 02:00:00,,true,2025-10-23 02:00:00
B-5013,u-88222,MC-SQL,SQL for Analysis,5,2025-11-03 10:20:00,2025-11-04 02:00:00,,true,2025-11-04 02:00:00
B-5014,u-88235,MC-HDATA,Health Data Essentials,5,2025-11-11 10:00:00,2025-11-12 02:00:00,,true,2025-11-12 02:00:00
B-5015,u-88219,MC-STATS,Statistics Refresher,5,2025-11-19 10:00:00,2025-11-20 02:00:00,,true,2025-11-20 02:00:00
B-5016,u-88204,MC-SQL,SQL for Analysis,5,2025-11-20 09:15:00,2025-11-21 02:00:00,,true,2025-11-21 02:00:00
B-5017,u-88216,MC-LEAD,Leading Teams,5,2025-12-01 13:00:00,2025-12-02 02:00:00,,true,2025-12-02 02:00:00
B-5018,u-88236,MC-HDATA,Health Data Essentials,5,2025-12-03 10:00:00,2025-12-04 02:00:00,,true,2025-12-04 02:00:00
B-5019,u-88227,MC-SEC,Security Fundamentals,5,2025-12-08 10:00:00,2025-12-09 02:00:00,,true,2025-12-09 02:00:00
B-5020,u-88231,MC-VIZ,Data Visualisation,5,2026-01-09 10:00:00,2026-01-10 02:00:00,,true,2026-01-10 02:00:00
B-5021,u-88220,MC-SEC,Security Fundamentals,5,2026-01-12 11:11:00,2026-01-13 02:00:00,,true,2026-01-13 02:00:00
B-5022,u-88275,BD-WELCOME,Welcome to Online Learning,0,2026-01-13 10:00:00,2026-01-14 02:00:00,,true,2026-01-14 02:00:00
B-5023,u-88241,MC-HDATA,Health Data Essentials,5,2026-01-15 16:20:00,2026-01-16 02:00:00,,true,2026-01-16 02:00:00
B-5024,u-88232,MC-FIN,Finance for Managers,5,2026-01-19 10:00:00,2026-01-20 02:00:00,,true,2026-01-20 02:00:00
B-5025,u-88213,MC-PY,Python Foundations,5,2026-01-20 15:47:00,2026-01-21 02:00:00,,true,2026-01-21 02:00:00
B-5026,u-88227,MC-PY,Python Foundations,5,2026-01-26 10:00:00,2026-01-27 02:00:00,,true,2026-01-27 02:00:00
B-5027,u-88238,MC-DL,Designing Digital Learning,5,2026-01-28 10:00:00,2026-01-29 02:00:00,,true,2026-01-29 02:00:00
B-5028,u-88222,MC-VIZ,Data Visualisation,5,2026-02-02 09:45:00,2026-02-03 02:00:00,2026-08-12 02:00:00,false,2026-08-12 02:00:00
B-5029,u-88218,MC-STATS,Statistics Refresher,5,2026-02-10 09:30:00,2026-02-11 02:00:00,,true,2026-02-11 02:00:00
B-5030,u-88233,MC-LEAD,Leading Teams,5,2026-02-16 10:00:00,2026-02-17 02:00:00,,true,2026-02-17 02:00:00
B-5031,u-88219,MC-ML,Machine Learning Basics,5,2026-02-18 10:00:00,2026-02-19 02:00:00,,true,2026-02-19 02:00:00
B-5032,u-88235,MC-VIZ,Data Visualisation,5,2026-02-24 10:00:00,2026-02-25 02:00:00,,true,2026-02-25 02:00:00
B-5033,u-88222,MC-PY,Python Foundations,5,2026-03-02 14:05:00,2026-03-03 02:00:00,,true,2026-03-03 02:00:00
B-5034,u-88211,MC-STATS,Statistics Refresher,5,2026-03-05 10:05:00,2026-03-06 02:00:00,,true,2026-03-06 02:00:00
B-5035,u-88275,MC-LEAD,Leading Teams,5,2026-03-09 10:00:00,2026-03-10 02:00:00,,true,2026-03-10 02:00:00
B-5036,u-88236,MC-VIZ,Data Visualisation,5,2026-03-16 10:00:00,2026-03-17 02:00:00,,true,2026-03-17 02:00:00
