user_id,student_id,email,display_name,account_status,_valid_from,_valid_to,_is_current,_loaded_at
u-88201,S-20401,zara.ahmed@mail.example,Zara Ahmed,active,2025-02-18 02:00:00,,true,2025-02-18 02:00:00
u-88202,S-20402,ethan.brown@mail.example,Ethan Brown,active,2025-02-18 02:00:00,,true,2025-02-18 02:00:00
u-88203,S-20403,wei.chen@mail.example,Wei Chen,active,2025-02-18 02:00:00,,true,2025-02-18 02:00:00
u-88204,S-20404,ana.costa@mail.example,Ana Costa,active,2025-07-15 02:00:00,,true,2025-07-15 02:00:00
u-88205,,hannah.schmidt@mail.example,Hannah Schmidt,active,2025-02-18 02:00:00,,true,2025-02-18 02:00:00
u-88206,S-20406,jack.taylor@mail.example,Jack Taylor,active,2026-02-17 02:00:00,,true,2026-02-17 02:00:00
u-88207,S-20407,olivia.smith@mail.example,Olivia Smith,active,2025-07-15 02:00:00,,true,2025-07-15 02:00:00
u-88208,S-20408,mateo.lopez@mail.example,Mateo Lopez,active,2025-02-18 02:00:00,,true,2025-02-18 02:00:00
u-88209,S-20409,sofia.rossi@mail.example,Sofia Rossi,active,2025-02-18 02:00:00,,true,2025-02-18 02:00:00
u-88210,S-20410,yuki.tanabe@mail.example,Yuki Tanabe,active,2025-07-15 02:00:00,,true,2025-07-15 02:00:00
u-88211,S-20411,arjun.mehta@mail.example,Arjun Mehta,active,2025-07-15 02:00:00,,true,2025-07-15 02:00:00
u-88212,S-20412,samuel.osei@mail.example,Samuel Osei,active,2025-02-18 02:00:00,,true,2025-02-18 02:00:00
u-88213,S-20417,aisha.k@mail.example,Aisha Karimi,active,2025-07-15 02:00:00,,true,2025-07-15 02:00:00
u-88214,S-20414,emily.walker@mail.example,Emily Walker,active,2025-02-18 02:00:00,,true,2025-02-18 02:00:00
u-88216,S-20416,amara.obi@mail.example,Amara Obi,active,2025-07-15 02:00:00,,true,2025-07-15 02:00:00
u-88218,S-20418,jie.chen@mail.example,Jie Chen,active,2025-07-15 02:00:00,,true,2025-07-15 02:00:00
u-88219,S-20419,omar.haddad@mail.example,Omar Haddad,active,2025-07-15 02:00:00,,true,2025-07-15 02:00:00
u-88220,S-20420,lucas.martin@mail.example,Lucas Martin,active,2025-07-15 02:00:00,,true,2025-07-15 02:00:00
u-88221,S-20421,sara.lindqvist@mail.example,Sara Lindqvist,active,2026-02-17 02:00:00,,true,2026-02-17 02:00:00
u-88222,S-20422,jordan.lee@mail.example,Jordan Lee,active,2025-07-15 02:00:00,,true,2025-07-15 02:00:00
u-88223,S-20423,kenji.watanabe@mail.example,Kenji Watanabe,active,2026-02-17 02:00:00,,true,2026-02-17 02:00:00
u-88224,S-20424,isla.murray@mail.example,Isla Murray,active,2025-07-15 02:00:00,,true,2025-07-15 02:00:00
u-88225,S-20425,fatima.zahra@mail.example,Fatima Zahra,active,2025-02-18 02:00:00,,true,2025-02-18 02:00:00
u-88226,S-20426,ravi.patel@mail.example,Ravi Patel,active,2025-02-18 02:00:00,,true,2025-02-18 02:00:00
u-88227,S-20427,dkim@mail.example,Daniel Kim,active,2025-07-15 02:00:00,,true,2025-07-15 02:00:00
u-88228,S-20428,chloe.dubois@mail.example,Chloe Dubois,active,2025-02-18 02:00:00,,true,2025-02-18 02:00:00
u-88229,S-20429,kofi.mensah@mail.example,Kofi Mensah,active,2025-07-15 02:00:00,,true,2025-07-15 02:00:00
u-88231,S-20417,aisha.r@mail.example,Aisha Rahman,active,2025-11-03 02:00:00,,true,2025-11-03 02:00:00
u-88232,S-20432,tom.becker@mail.example,Tom Becker,active,2025-07-15 02:00:00,,true,2025-07-15 02:00:00
u-88233,S-20433,grace.liu@mail.example,Grace Liu,active,2025-02-18 02:00:00,,true,2025-02-18 02:00:00
u-88234,S-20434,ben.carter@mail.example,Ben Carter,active,2025-07-15 02:00:00,,true,2025-07-15 02:00:00
u-88235,S-20435,nguyen.family@mail.example,Minh Nguyen,active,2025-07-15 02:00:00,,true,2025-07-15 02:00:00
u-88236,S-20436,nguyen.family@mail.example,Linh Nguyen,active,2025-07-15 02:00:00,,true,2025-07-15 02:00:00
u-88237,S-20437,noah.williams@mail.example,Noah Williams,active,2025-02-18 02:00:00,,true,2025-02-18 02:00:00
u-88238,S-20438,mia.johnson@mail.example,Mia Johnson,active,2025-07-15 02:00:00,,true,2025-07-15 02:00:00
u-88239,S-20439,liam.obrien@mail.example,Liam O'Brien,active,2025-02-18 02:00:00,,true,2025-02-18 02:00:00
u-88240,S-20440,nadia.hassan@mail.example,Nadia Hassan,active,2026-02-17 02:00:00,,true,2026-02-17 02:00:00
u-88241,S-20413,leah.cohen@mail.example,Leah Cohen,active,2025-07-15 02:00:00,,true,2025-07-15 02:00:00
u-88242,S-20431,priya.nair@mail.example,Priya Nair,active,2025-02-18 02:00:00,,true,2025-02-18 02:00:00
u-88260,,tomas.silva@mail.example,Tomas Silva,active,2025-08-12 02:00:00,2026-06-02 02:00:00,false,2026-06-02 02:00:00
u-88260,,tomas.silva@mail.example,Tomas Silva,inactive,2026-06-02 02:00:00,,true,2026-06-02 02:00:00
u-88275,,Hiro.Sato@mail.example,Hiro Sato,active,2026-01-13 02:00:00,,true,2026-01-13 02:00:00
u-88280,,,Ruby Walsh,active,2026-09-27 02:00:00,,true,2026-09-27 02:00:00
