result_id,student_id,award_code,unit_code,grade,credit_points,result_date,_valid_from,_valid_to,_is_current,_loaded_at
R-1001,S-20401,MDA,DA501,D,15,2025-07-04,2025-07-05 02:00:00,,true,2025-07-05 02:00:00
R-1002,S-20401,MDA,DA502,C,15,2025-07-04,2025-07-05 02:00:00,,true,2025-07-05 02:00:00
R-1003,S-20401,MDA,DA503,P,15,2025-12-05,2025-12-06 02:00:00,,true,2025-12-06 02:00:00
R-1004,S-20401,MDA,DA504,C,15,2025-12-05,2025-12-06 02:00:00,,true,2025-12-06 02:00:00
R-1005,S-20402,MDA,DA501,C,15,2025-07-04,2025-07-05 02:00:00,,true,2025-07-05 02:00:00
R-1006,S-20402,MDA,DA502,D,15,2025-07-04,2025-07-05 02:00:00,,true,2025-07-05 02:00:00
R-1007,S-20402,MDA,DA503,C,15,2025-12-05,2025-12-06 02:00:00,,true,2025-12-06 02:00:00
R-1008,S-20402,MDA,DA504,P,15,2025-12-05,2025-12-06 02:00:00,,true,2025-12-06 02:00:00
R-1009,S-20402,MDA,DA601,D,15,2025-12-05,2025-12-06 02:00:00,,true,2025-12-06 02:00:00
R-1010,S-20402,MDA,DA602,C,15,2026-02-27,2026-02-28 02:00:00,,true,2026-02-28 02:00:00
R-1011,S-20402,MDA,DA603,P,15,2026-02-27,2026-02-28 02:00:00,,true,2026-02-28 02:00:00
R-1012,S-20403,GCDA,DA501,C,15,2025-07-04,2025-07-05 02:00:00,,true,2025-07-05 02:00:00
R-1013,S-20403,GCDA,DA502,D,15,2025-12-05,2025-12-06 02:00:00,,true,2025-12-06 02:00:00
R-1014,S-20403,GCDA,DA503,P,15,2026-02-27,2026-02-28 02:00:00,,true,2026-02-28 02:00:00
R-1015,S-20403,GCDA,DA504,C,15,2026-07-03,2026-07-04 02:00:00,,true,2026-07-04 02:00:00
R-1016,S-20404,GCDA,DA501,P,15,2025-12-05,2025-12-06 02:00:00,,true,2025-12-06 02:00:00
R-1017,S-20405,GCDA,DA501,D,15,2025-07-04,2025-07-05 02:00:00,,true,2025-07-05 02:00:00
R-1018,S-20405,GCDA,DA502,C,15,2025-12-05,2025-12-06 02:00:00,,true,2025-12-06 02:00:00
R-1019,S-20405,GCDA,DA503,HD,15,2025-12-05,2025-12-06 02:00:00,,true,2025-12-06 02:00:00
R-1020,S-20405,GCDA,DA504,F,15,2026-02-27,2026-02-28 02:00:00,,true,2026-02-28 02:00:00
R-1021,S-20405,GCDA,DA504,P,15,2026-07-03,2026-07-04 02:00:00,,true,2026-07-04 02:00:00
R-1022,S-20406,GCCS,CS501,P,15,2026-07-03,2026-07-04 02:00:00,,true,2026-07-04 02:00:00
R-1023,S-20407,GCED,ED501,C,15,2025-12-05,2025-12-06 02:00:00,,true,2025-12-06 02:00:00
R-1024,S-20407,GCED,ED502,P,15,2026-02-27,2026-02-28 02:00:00,,true,2026-02-28 02:00:00
R-1025,S-20408,GCBA,BA501,D,15,2025-07-04,2025-07-05 02:00:00,,true,2025-07-05 02:00:00
R-1026,S-20408,GCBA,BA502,C,15,2025-07-04,2025-07-05 02:00:00,,true,2025-07-05 02:00:00
R-1027,S-20408,GCBA,BA503,C,15,2025-12-05,2025-12-06 02:00:00,,true,2025-12-06 02:00:00
R-1028,S-20408,GCBA,BA504,HD,15,2025-12-05,2025-12-06 02:00:00,,true,2025-12-06 02:00:00
R-1029,S-20409,GCCS,CS501,C,15,2025-07-04,2025-07-05 02:00:00,,true,2025-07-05 02:00:00
R-1030,S-20409,GCCS,CS502,D,15,2025-12-05,2025-12-06 02:00:00,,true,2025-12-06 02:00:00
R-1031,S-20409,GCCS,CS503,P,15,2025-12-05,2025-12-06 02:00:00,,true,2025-12-06 02:00:00
R-1032,S-20410,MDA,DA501,P,15,2025-12-05,2025-12-06 02:00:00,,true,2025-12-06 02:00:00
R-1033,S-20410,MDA,DA502,C,15,2025-12-05,2025-12-06 02:00:00,,true,2025-12-06 02:00:00
R-1034,S-20411,GCDA,DA501,C,15,2025-12-05,2025-12-06 02:00:00,,true,2025-12-06 02:00:00
R-1035,S-20411,GCDA,DA502,P,15,2026-02-27,2026-02-28 02:00:00,,true,2026-02-28 02:00:00
R-1036,S-20411,GCDA,DA503,P,15,2026-07-03,2026-07-04 02:00:00,,true,2026-07-04 02:00:00
R-1037,S-20412,MPH,PH501,C,15,2025-07-04,2025-07-05 02:00:00,,true,2025-07-05 02:00:00
R-1038,S-20412,MPH,PH502,P,15,2025-07-04,2025-07-05 02:00:00,,true,2025-07-05 02:00:00
R-1039,S-20412,MPH,PH503,D,15,2025-12-05,2025-12-06 02:00:00,,true,2025-12-06 02:00:00
R-1040,S-20412,MPH,PH504,C,15,2025-12-05,2025-12-06 02:00:00,,true,2025-12-06 02:00:00
R-1041,S-20412,MPH,PH601,P,15,2026-02-27,2026-02-28 02:00:00,,true,2026-02-28 02:00:00
R-1042,S-20412,MPH,PH602,C,15,2026-02-27,2026-02-28 02:00:00,,true,2026-02-28 02:00:00
R-1043,S-20413,GCHI,HI501,P,15,2025-12-05,2025-12-06 02:00:00,,true,2025-12-06 02:00:00
R-1044,S-20413,GCHI,HI502,C,15,2025-12-05,2025-12-06 02:00:00,,true,2025-12-06 02:00:00
R-1045,S-20414,GCCS,CS501,HD,15,2025-07-04,2025-07-05 02:00:00,,true,2025-07-05 02:00:00
R-1046,S-20414,GCCS,CS502,D,15,2025-07-04,2025-07-05 02:00:00,,true,2025-07-05 02:00:00
R-1047,S-20414,GCCS,CS503,D,15,2025-12-05,2025-12-06 02:00:00,,true,2025-12-06 02:00:00
R-1048,S-20414,GCCS,CS504,C,15,2026-02-27,2026-02-28 02:00:00,,true,2026-02-28 02:00:00
R-1049,S-20415,GCCS,CS501,P,15,2025-07-04,2025-07-05 02:00:00,,true,2025-07-05 02:00:00
R-1050,S-20416,MBA,BA501,C,15,2025-12-05,2025-12-06 02:00:00,,true,2025-12-06 02:00:00
R-1051,S-20416,MBA,BA502,D,15,2025-12-05,2025-12-06 02:00:00,,true,2025-12-06 02:00:00
R-1052,S-20416,MBA,BA503,P,15,2026-02-27,2026-02-28 02:00:00,,true,2026-02-28 02:00:00
R-1053,S-20417,GCDA,DA501,HD,15,2025-12-05,2025-12-06 02:00:00,,true,2025-12-06 02:00:00
R-1054,S-20417,GCDA,DA502,D,15,2026-02-27,2026-02-28 02:00:00,,true,2026-02-28 02:00:00
R-1055,S-20417,GCDA,DA503,C,15,2026-07-03,2026-07-04 02:00:00,,true,2026-07-04 02:00:00
R-1056,S-20418,GCDA,DA501,P,15,2025-12-05,2025-12-06 02:00:00,,true,2025-12-06 02:00:00
R-1057,S-20418,GCDA,DA502,C,15,2026-02-27,2026-02-28 02:00:00,,true,2026-02-28 02:00:00
R-1058,S-20418,GCDA,DA503,D,15,2026-07-03,2026-07-04 02:00:00,,true,2026-07-04 02:00:00
R-1059,S-20419,GCDA,DA501,C,15,2025-12-05,2025-12-06 02:00:00,,true,2025-12-06 02:00:00
R-1060,S-20419,GCDA,DA502,P,15,2026-07-03,2026-07-04 02:00:00,,true,2026-07-04 02:00:00
R-1061,S-20420,GCCS,CS501,P,15,2025-12-05,2025-12-06 02:00:00,,true,2025-12-06 02:00:00
R-1062,S-20420,GCCS,CS502,C,15,2025-12-05,2025-12-06 02:00:00,,true,2025-12-06 02:00:00
R-1063,S-20420,GCCS,CS503,F,15,2026-02-27,2026-02-28 02:00:00,2026-04-21 02:00:00,false,2026-04-21 02:00:00
R-1063,S-20420,GCCS,CS503,P,15,2026-04-20,2026-04-21 02:00:00,,true,2026-04-21 02:00:00
R-1064,S-20421,GCED,ED501,P,15,2026-07-03,2026-07-04 02:00:00,,true,2026-07-04 02:00:00
R-1065,S-20422,GCDA,DA501,P,15,2025-12-05,2025-12-06 02:00:00,,true,2025-12-06 02:00:00
R-1066,S-20422,GCDA,DA502,C,15,2026-02-27,2026-02-28 02:00:00,,true,2026-02-28 02:00:00
R-1067,S-20422,GCDA,DA503,F,15,2026-07-03,2026-07-04 02:00:00,,true,2026-07-04 02:00:00
R-1068,S-20424,GCBA,BA501,P,15,2025-12-05,2025-12-06 02:00:00,,true,2025-12-06 02:00:00
R-1069,S-20425,GCBA,BA501,C,15,2025-07-04,2025-07-05 02:00:00,,true,2025-07-05 02:00:00
R-1070,S-20425,GCBA,BA502,P,15,2025-12-05,2025-12-06 02:00:00,,true,2025-12-06 02:00:00
R-1071,S-20425,GCBA,BA503,D,15,2026-02-27,2026-02-28 02:00:00,,true,2026-02-28 02:00:00
R-1072,S-20426,MBA,BA501,D,15,2025-07-04,2025-07-05 02:00:00,,true,2025-07-05 02:00:00
R-1073,S-20426,MBA,BA502,C,15,2025-07-04,2025-07-05 02:00:00,,true,2025-07-05 02:00:00
R-1074,S-20426,MBA,BA503,C,15,2025-12-05,2025-12-06 02:00:00,,true,2025-12-06 02:00:00
R-1075,S-20426,MBA,BA504,P,15,2025-12-05,2025-12-06 02:00:00,,true,2025-12-06 02:00:00
R-1076,S-20426,MBA,BA601,D,15,2025-12-05,2025-12-06 02:00:00,,true,2025-12-06 02:00:00
R-1077,S-20426,MBA,BA602,C,15,2026-02-27,2026-02-28 02:00:00,,true,2026-02-28 02:00:00
R-1078,S-20426,MBA,BA603,P,15,2026-02-27,2026-02-28 02:00:00,,true,2026-02-28 02:00:00
R-1079,S-20427,GCCS,CS501,C,15,2025-12-05,2025-12-06 02:00:00,,true,2025-12-06 02:00:00
R-1080,S-20427,GCCS,CS502,P,15,2026-02-27,2026-02-28 02:00:00,,true,2026-02-28 02:00:00
R-1081,S-20428,GCHI,HI501,P,15,2025-07-04,2025-07-05 02:00:00,,true,2025-07-05 02:00:00
R-1082,S-20428,GCHI,HI502,C,15,2025-12-05,2025-12-06 02:00:00,,true,2025-12-06 02:00:00
R-1083,S-20428,GCHI,HI503,D,15,2026-02-27,2026-02-28 02:00:00,,true,2026-02-28 02:00:00
R-1084,S-20428,GCHI,HI504,C,15,2026-07-03,2026-07-04 02:00:00,,true,2026-07-04 02:00:00
R-1085,S-20429,MPH,PH501,P,15,2025-12-05,2025-12-06 02:00:00,,true,2025-12-06 02:00:00
R-1086,S-20429,MPH,PH502,C,15,2025-12-05,2025-12-06 02:00:00,,true,2025-12-06 02:00:00
R-1087,S-20431,GCBA,BA501,D,15,2025-07-04,2025-07-05 02:00:00,,true,2025-07-05 02:00:00
R-1088,S-20431,GCBA,BA502,C,15,2025-12-05,2025-12-06 02:00:00,,true,2025-12-06 02:00:00
R-1089,S-20431,GCBA,BA503,P,15,2026-02-27,2026-02-28 02:00:00,,true,2026-02-28 02:00:00
R-1090,S-20432,GCBA,BA501,C,15,2025-12-05,2025-12-06 02:00:00,,true,2025-12-06 02:00:00
R-1091,S-20432,GCBA,BA502,P,15,2026-02-27,2026-02-28 02:00:00,,true,2026-02-28 02:00:00
R-1092,S-20432,GCBA,BA503,P,15,2026-07-03,2026-07-04 02:00:00,,true,2026-07-04 02:00:00
R-1093,S-20432,GCBA,BA504,C,15,2026-07-03,2026-07-04 02:00:00,,true,2026-07-04 02:00:00
R-1094,S-20433,GCBA,BA501,P,15,2025-07-04,2025-07-05 02:00:00,,true,2025-07-05 02:00:00
R-1095,S-20433,GCBA,BA502,C,15,2025-12-05,2025-12-06 02:00:00,,true,2025-12-06 02:00:00
R-1096,S-20433,GCBA,BA503,C,15,2026-02-27,2026-02-28 02:00:00,,true,2026-02-28 02:00:00
R-1097,S-20434,GCBA,BA501,P,15,2025-12-05,2025-12-06 02:00:00,,true,2025-12-06 02:00:00
R-1098,S-20434,GCBA,BA502,P,15,2025-12-05,2025-12-06 02:00:00,,true,2025-12-06 02:00:00
R-1099,S-20435,GCHI,HI501,C,15,2025-12-05,2025-12-06 02:00:00,,true,2025-12-06 02:00:00
R-1100,S-20435,GCHI,HI502,P,15,2026-02-27,2026-02-28 02:00:00,,true,2026-02-28 02:00:00
R-1101,S-20435,GCHI,HI503,P,15,2026-07-03,2026-07-04 02:00:00,,true,2026-07-04 02:00:00
R-1102,S-20436,GCHI,HI501,P,15,2025-12-05,2025-12-06 02:00:00,,true,2025-12-06 02:00:00
R-1103,S-20436,GCHI,HI502,C,15,2026-02-27,2026-02-28 02:00:00,,true,2026-02-28 02:00:00
R-1104,S-20437,GCED,ED501,C,15,2025-07-04,2025-07-05 02:00:00,,true,2025-07-05 02:00:00
R-1105,S-20437,GCED,ED502,P,15,2025-12-05,2025-12-06 02:00:00,,true,2025-12-06 02:00:00
R-1106,S-20437,GCED,ED503,D,15,2026-02-27,2026-02-28 02:00:00,,true,2026-02-28 02:00:00
R-1107,S-20437,GCED,ED504,P,15,2026-07-03,2026-07-04 02:00:00,,true,2026-07-04 02:00:00
R-1108,S-20438,GCED,ED501,P,15,2025-12-05,2025-12-06 02:00:00,,true,2025-12-06 02:00:00
R-1109,S-20438,GCED,ED502,C,15,2026-02-27,2026-02-28 02:00:00,,true,2026-02-28 02:00:00
R-1110,S-20439,GCED,ED501,P,15,2025-07-04,2025-07-05 02:00:00,,true,2025-07-05 02:00:00
R-1111,S-20439,GCED,ED502,C,15,2025-12-05,2025-12-06 02:00:00,,true,2025-12-06 02:00:00
R-1112,S-20439,GCED,ED503,P,15,2026-02-27,2026-02-28 02:00:00,,true,2026-02-28 02:00:00
