customer_email,customer_name,status,_valid_from,_valid_to,_is_current,_loaded_at
 Aisha.K@Mail.example ,Aisha K.,1,2026-01-06 02:00:00,,true,2026-01-06 02:00:00
aisha.r@mail.example,Aisha R.,1,2026-01-07 02:00:00,,true,2026-01-07 02:00:00
DanielKim.Work@mail.example,Daniel Kim,1,2026-02-21 02:00:00,,true,2026-02-21 02:00:00
 Nguyen.Family@mail.example,L. Nguyen,1,2026-01-31 02:00:00,,true,2026-01-31 02:00:00
tom.becker@mail.example,Tom Becker,1,2026-01-13 02:00:00,,true,2026-01-13 02:00:00
omar.haddad@mail.example,Omar Haddad,1,2026-01-16 02:00:00,,true,2026-01-16 02:00:00
grace.okafor@mail.example,Grace Okafor,1,2025-09-02 02:00:00,,true,2025-09-02 02:00:00
peter.novak@mail.example,Peter Novak,1,2025-10-02 02:00:00,2026-05-02 02:00:00,false,2026-05-02 02:00:00
peter.novak@mail.example,Peter Novak,0,2026-05-02 02:00:00,,true,2026-05-02 02:00:00
